{"cameraMode":{"drawMode":0,"name":"Shaded","section":"Shading Mode"},"sceneLighting":true,"audioPlay":false,"sceneViewState":{"showFog":true,"showMaterialUpdate":true,"showSkybox":true,"showFlares":true,"showImageEffects":true,"showParticleSystems":true},"in2DMode":false,"pivot":{"x":-0.19482946395874024,"y":0.5404727458953857,"z":0.9948172569274902},"rotation":{"x":-0.15109002590179444,"y":0.04209471493959427,"z":-0.006439762189984322,"w":-0.9876023530960083},"size":7.877926826477051,"orthographic":false}