{"cameraMode":{"drawMode":0,"name":"Shaded","section":"Shading Mode"},"sceneLighting":true,"audioPlay":false,"sceneViewState":{"showFog":true,"showMaterialUpdate":false,"showSkybox":true,"showFlares":true,"showImageEffects":true,"showParticleSystems":true},"in2DMode":false,"pivot":{"x":7.798434734344482,"y":4.350900173187256,"z":-0.2807827293872833},"rotation":{"x":0.10186020284891129,"y":-0.06819242984056473,"z":0.007693194784224033,"w":0.9926044344902039},"size":13.16326904296875,"orthographic":false}