{"cameraMode":{"drawMode":0,"name":"Shaded","section":"Shading Mode"},"sceneLighting":true,"audioPlay":false,"sceneViewState":{"showFog":true,"showMaterialUpdate":false,"showSkybox":true,"showFlares":true,"showImageEffects":true,"showParticleSystems":true},"in2DMode":false,"pivot":{"x":9.578598976135254,"y":2.497652053833008,"z":0.7162437438964844},"rotation":{"x":-0.0946665108203888,"y":-0.01735045574605465,"z":0.0014509331667795778,"w":-0.9954625964164734},"size":8.30501937866211,"orthographic":false}