{"cameraMode":{"drawMode":0,"name":"Shaded","section":"Shading Mode"},"sceneLighting":true,"audioPlay":false,"sceneViewState":{"showFog":true,"showMaterialUpdate":false,"showSkybox":true,"showFlares":true,"showImageEffects":true,"showParticleSystems":true},"in2DMode":false,"pivot":{"x":0.04505942761898041,"y":2.267180919647217,"z":-5.709137916564941},"rotation":{"x":0.044675063341856,"y":0.005091865547001362,"z":0.00022735694074071944,"w":-0.9989936947822571},"size":4.207394599914551,"orthographic":false}