{"cameraMode":{"drawMode":0,"name":"Shaded","section":"Shading Mode"},"sceneLighting":true,"audioPlay":false,"sceneViewState":{"showFog":true,"showMaterialUpdate":false,"showSkybox":true,"showFlares":true,"showImageEffects":true,"showParticleSystems":true},"in2DMode":false,"pivot":{"x":25.600000381469728,"y":9.800000190734864,"z":0.0},"rotation":{"x":-0.02096770703792572,"y":-0.17840607464313508,"z":0.0037968610413372518,"w":-0.9837415218353272},"size":14.5438232421875,"orthographic":false}