{"cameraMode":{"drawMode":0,"name":"Shaded","section":"Shading Mode"},"sceneLighting":false,"audioPlay":false,"sceneViewState":{"showFog":true,"showMaterialUpdate":false,"showSkybox":false,"showFlares":true,"showImageEffects":true,"showParticleSystems":true},"in2DMode":false,"pivot":{"x":3.2899999618530275,"y":3.7300000190734865,"z":0.0},"rotation":{"x":0.01069542858749628,"y":-0.10747106373310089,"z":0.0016495176823809744,"w":0.9942898750305176},"size":6.035200595855713,"orthographic":false}