{"cameraMode":{"drawMode":0,"name":"Shaded","section":"Shading Mode"},"sceneLighting":false,"audioPlay":false,"sceneViewState":{"showFog":true,"showMaterialUpdate":false,"showSkybox":false,"showFlares":true,"showImageEffects":true,"showParticleSystems":true},"in2DMode":false,"pivot":{"x":15.489999771118164,"y":3.319999933242798,"z":0.0},"rotation":{"x":0.0027027337346225979,"y":0.04107850417494774,"z":-0.00023094502103049308,"w":-0.9992820024490356},"size":3.5927252769470217,"orthographic":false}