{"cameraMode":{"drawMode":0,"name":"Shaded","section":"Shading Mode"},"sceneLighting":true,"audioPlay":false,"sceneViewState":{"showFog":true,"showMaterialUpdate":false,"showSkybox":true,"showFlares":true,"showImageEffects":true,"showParticleSystems":true},"in2DMode":false,"pivot":{"x":9.643732070922852,"y":3.7152342796325685,"z":0.9691982269287109},"rotation":{"x":-0.024300940334796907,"y":0.023085035383701326,"z":-0.0006513379630632699,"w":-0.9995257258415222},"size":9.605025291442871,"orthographic":false}