{"cameraMode":{"drawMode":0,"name":"Shaded","section":"Shading Mode"},"sceneLighting":true,"audioPlay":false,"sceneViewState":{"showFog":true,"showMaterialUpdate":false,"showSkybox":true,"showFlares":true,"showImageEffects":true,"showParticleSystems":true},"in2DMode":false,"pivot":{"x":8.680000305175782,"y":3.3499999046325685,"z":0.0},"rotation":{"x":0.09236220270395279,"y":0.14632342755794526,"z":-0.01247708685696125,"w":0.9850587248802185},"size":10.891341209411621,"orthographic":false}