{"cameraMode":{"drawMode":0,"name":"Shaded","section":"Shading Mode"},"sceneLighting":true,"audioPlay":false,"sceneViewState":{"showFog":true,"showMaterialUpdate":false,"showSkybox":true,"showFlares":true,"showImageEffects":true,"showParticleSystems":true},"in2DMode":false,"pivot":{"x":9.602806091308594,"y":5.684059143066406,"z":11.501811981201172},"rotation":{"x":0.0048389676958322529,"y":0.024382948875427247,"z":0.001167544862255454,"w":0.9999778866767883},"size":21.214876174926759,"orthographic":false}