{"cameraMode":{"drawMode":0,"name":"Shaded","section":"Shading Mode"},"sceneLighting":true,"audioPlay":false,"sceneViewState":{"showFog":true,"showMaterialUpdate":false,"showSkybox":true,"showFlares":true,"showImageEffects":true,"showParticleSystems":true},"in2DMode":false,"pivot":{"x":6.336312294006348,"y":3.3483223915100099,"z":-0.13053464889526368},"rotation":{"x":0.053083475679159167,"y":0.31683778762817385,"z":-0.017171699553728105,"w":0.9470075964927673},"size":5.287562847137451,"orthographic":false}