{"cameraMode":{"drawMode":0,"name":"Shaded","section":"Shading Mode"},"sceneLighting":true,"audioPlay":false,"sceneViewState":{"showFog":true,"showMaterialUpdate":false,"showSkybox":true,"showFlares":true,"showImageEffects":true,"showParticleSystems":true},"in2DMode":false,"pivot":{"x":147.6999969482422,"y":3.239999771118164,"z":0.0},"rotation":{"x":-0.06773031502962113,"y":-0.029331089928746225,"z":0.0019897588063031437,"w":-0.9972958564758301},"size":3.536947727203369,"orthographic":false}