{"cameraMode":{"drawMode":0,"name":"Shaded","section":"Shading Mode"},"sceneLighting":false,"audioPlay":false,"sceneViewState":{"showFog":true,"showMaterialUpdate":false,"showSkybox":false,"showFlares":true,"showImageEffects":true,"showParticleSystems":true},"in2DMode":false,"pivot":{"x":0.5107361674308777,"y":2.6637773513793947,"z":2.388978958129883},"rotation":{"x":-0.2843307852745056,"y":-0.0066220699809491638,"z":0.0019517266191542149,"w":-0.958721935749054},"size":5.201932430267334,"orthographic":false}