{"cameraMode":{"drawMode":0,"name":"Shaded","section":"Shading Mode"},"sceneLighting":true,"audioPlay":false,"sceneViewState":{"showFog":true,"showMaterialUpdate":false,"showSkybox":true,"showFlares":true,"showImageEffects":true,"showParticleSystems":true},"in2DMode":false,"pivot":{"x":276.1858825683594,"y":17.791574478149415,"z":14.75967788696289},"rotation":{"x":0.04615652561187744,"y":-0.03237668797373772,"z":-0.0015268240822479129,"w":-0.998601496219635},"size":49.12979507446289,"orthographic":false}