{"cameraMode":{"drawMode":0,"name":"Shaded","section":"Shading Mode"},"sceneLighting":true,"audioPlay":false,"sceneViewState":{"showFog":true,"showMaterialUpdate":false,"showSkybox":true,"showFlares":true,"showImageEffects":true,"showParticleSystems":true},"in2DMode":false,"pivot":{"x":193.6999969482422,"y":2.700000286102295,"z":0.0},"rotation":{"x":-0.10903283208608628,"y":-0.10216239094734192,"z":0.011329751461744309,"w":-0.9889886975288391},"size":12.342521667480469,"orthographic":false}