{"cameraMode":{"drawMode":0,"name":"Shaded","section":"Shading Mode"},"sceneLighting":false,"audioPlay":false,"sceneViewState":{"showFog":true,"showMaterialUpdate":false,"showSkybox":false,"showFlares":true,"showImageEffects":true,"showParticleSystems":true},"in2DMode":false,"pivot":{"x":15.489999771118164,"y":3.319999933242798,"z":0.0},"rotation":{"x":-0.055780816823244098,"y":0.005088878329843283,"z":-0.0002903685381170362,"w":-0.9984464645385742},"size":4.592440128326416,"orthographic":false}