{"cameraMode":{"drawMode":0,"name":"Shaded","section":"Shading Mode"},"sceneLighting":false,"audioPlay":false,"sceneViewState":{"showFog":true,"showMaterialUpdate":false,"showSkybox":false,"showFlares":true,"showImageEffects":true,"showParticleSystems":true},"in2DMode":false,"pivot":{"x":554.5853881835938,"y":188.12570190429688,"z":-12.685821533203125},"rotation":{"x":0.00868790689855814,"y":0.0245941411703825,"z":0.00020819783094339073,"w":-0.9996777176856995},"size":174.12857055664063,"orthographic":false}