{"cameraMode":{"drawMode":0,"name":"Shaded","section":"Shading Mode"},"sceneLighting":true,"audioPlay":false,"sceneViewState":{"showFog":true,"showMaterialUpdate":false,"showSkybox":true,"showFlares":true,"showImageEffects":true,"showParticleSystems":true},"in2DMode":false,"pivot":{"x":-9.906181335449219,"y":9.719332695007325,"z":-12.896756172180176},"rotation":{"x":0.04768134653568268,"y":0.008077595382928849,"z":0.00029949506279081106,"w":-0.9990450143814087},"size":7.461175918579102,"orthographic":false}