{"cameraMode":{"drawMode":0,"name":"Shaded","section":"Shading Mode"},"sceneLighting":true,"audioPlay":false,"sceneViewState":{"showFog":true,"showMaterialUpdate":false,"showSkybox":true,"showFlares":true,"showImageEffects":true,"showParticleSystems":true},"in2DMode":false,"pivot":{"x":2.3333892822265627,"y":3.5545883178710939,"z":0.0},"rotation":{"x":-0.10490942746400833,"y":0.06320706009864807,"z":-0.006658990401774645,"w":-0.9925044178962708},"size":15.544602394104004,"orthographic":false}