{"cameraMode":{"drawMode":0,"name":"Shaded","section":"Shading Mode"},"sceneLighting":true,"audioPlay":false,"sceneViewState":{"showFog":true,"showMaterialUpdate":false,"showSkybox":true,"showFlares":true,"showImageEffects":true,"showParticleSystems":true},"in2DMode":false,"pivot":{"x":11.170000076293946,"y":4.256999969482422,"z":0.0},"rotation":{"x":-0.022808661684393884,"y":0.018584424629807473,"z":-0.00044679082930088043,"w":-0.9997624754905701},"size":8.27772045135498,"orthographic":false}