{"cameraMode":{"drawMode":0,"name":"Shaded","section":"Shading Mode"},"sceneLighting":true,"audioPlay":false,"sceneViewState":{"showFog":true,"showMaterialUpdate":false,"showSkybox":true,"showFlares":true,"showImageEffects":true,"showParticleSystems":true},"in2DMode":false,"pivot":{"x":317.6502685546875,"y":-8.999406814575196,"z":25.416717529296876},"rotation":{"x":-0.12895435094833375,"y":-0.0053561353124678139,"z":0.0007184662972576916,"w":-0.9916913509368897},"size":29.241474151611329,"orthographic":false}