{"cameraMode":{"drawMode":0,"name":"Shaded","section":"Shading Mode"},"sceneLighting":false,"audioPlay":false,"sceneViewState":{"showFog":true,"showMaterialUpdate":false,"showSkybox":false,"showFlares":true,"showImageEffects":true,"showParticleSystems":true},"in2DMode":false,"pivot":{"x":2.890000343322754,"y":3.804838180541992,"z":-4.554071426391602},"rotation":{"x":-0.10637036710977555,"y":0.06616862863302231,"z":-0.0070944493636488918,"w":-0.9920972585678101},"size":3.536947727203369,"orthographic":false}