{"cameraMode":{"drawMode":0,"name":"Shaded","section":"Shading Mode"},"sceneLighting":false,"audioPlay":false,"sceneViewState":{"showFog":true,"showMaterialUpdate":false,"showSkybox":false,"showFlares":true,"showImageEffects":true,"showParticleSystems":true},"in2DMode":false,"pivot":{"x":508.5743408203125,"y":351.15557861328127,"z":14.5042724609375},"rotation":{"x":-0.04528107866644859,"y":0.024569498375058175,"z":-0.0011195354163646699,"w":-0.9986889958381653},"size":329.6298522949219,"orthographic":false}