{"cameraMode":{"drawMode":0,"name":"Shaded","section":"Shading Mode"},"sceneLighting":true,"audioPlay":false,"sceneViewState":{"showFog":true,"showMaterialUpdate":false,"showSkybox":true,"showFlares":true,"showImageEffects":true,"showParticleSystems":true},"in2DMode":false,"pivot":{"x":11.529999732971192,"y":3.510000228881836,"z":0.0},"rotation":{"x":-0.055780816823244098,"y":0.005088878329843283,"z":-0.0002903685381170362,"w":-0.9984464645385742},"size":6.05442476272583,"orthographic":false}