{"cameraMode":{"drawMode":0,"name":"Shaded","section":"Shading Mode"},"sceneLighting":false,"audioPlay":false,"sceneViewState":{"showFog":true,"showMaterialUpdate":false,"showSkybox":false,"showFlares":true,"showImageEffects":true,"showParticleSystems":true},"in2DMode":false,"pivot":{"x":0.38887691497802737,"y":4.248651504516602,"z":-0.7126827239990234},"rotation":{"x":0.10897310078144074,"y":-0.011322558857500553,"z":-0.001402591005899012,"w":-0.9940513372421265},"size":5.772551536560059,"orthographic":false}